roi_name,support_id,y0,x0,height,width,n_features,overlap_fraction,auroc_mean_over_model_seeds,auroc_sd_over_model_seeds
upper_brow_forehead,translated_001,12,4,8,24,192,0.0,0.9286340103544406,0.0039259099887134
upper_brow_forehead,translated_002,1,6,8,24,192,0.8020833333333334,0.9215601354042214,0.0013847213760029
upper_brow_forehead,translated_003,4,7,8,24,192,0.4375,0.9232905217045002,0.0020071736442918
upper_brow_forehead,translated_004,18,1,8,24,192,0.0,0.9127329749103942,0.0105147819246764
upper_brow_forehead,translated_005,17,1,8,24,192,0.0,0.9171604938271604,0.0027228618166292
upper_brow_forehead,translated_006,13,8,8,24,192,0.0,0.91257865392274,0.0048385624833185
upper_brow_forehead,translated_007,22,4,8,24,192,0.0,0.8629221425726802,0.0051021899612544
upper_brow_forehead,translated_008,20,1,8,24,192,0.0,0.9119016328156112,0.0056938162400916
upper_brow_forehead,translated_009,4,0,8,24,192,0.4166666666666667,0.9196913580246914,0.0027707519177166
upper_brow_forehead,translated_010,5,1,8,24,192,0.328125,0.9273636001592992,0.0011992758005215
upper_brow_forehead,translated_011,11,8,8,24,192,0.0,0.9137763839107924,0.0029294670534554
upper_brow_forehead,translated_012,24,7,8,24,192,0.0,0.8458034647550777,0.0035802334854308
upper_brow_forehead,translated_013,13,4,8,24,192,0.0,0.9289934289127836,0.0031299704857183
upper_brow_forehead,translated_014,7,6,8,24,192,0.1145833333333333,0.925431103146157,0.0020905536919836
upper_brow_forehead,translated_015,13,5,8,24,192,0.0,0.9226463560334528,0.002008874509628
upper_brow_forehead,translated_016,14,7,8,24,192,0.0,0.9106292313819196,0.0081411424073481
upper_brow_forehead,translated_017,21,6,8,24,192,0.0,0.8941557148546395,0.0101046553891115
upper_brow_forehead,translated_018,24,8,8,24,192,0.0,0.8371455595380327,0.0106991066483452
upper_brow_forehead,translated_019,0,1,8,24,192,0.875,0.9275587415372364,0.0121309487963399
upper_brow_forehead,translated_020,23,3,8,24,192,0.0,0.8588092393468738,0.0163712264083553
upper_brow_forehead,translated_021,14,0,8,24,192,0.0,0.9191049382716048,0.0034758111272644
upper_brow_forehead,translated_022,10,4,8,24,192,0.0,0.919599761051374,0.0051834678016364
upper_brow_forehead,translated_023,21,4,8,24,192,0.0,0.8780615292712067,0.0027082994664197
upper_brow_forehead,translated_024,0,0,8,24,192,0.8333333333333334,0.9309816806053366,0.0052658179223974
upper_brow_forehead,translated_025,7,1,8,24,192,0.109375,0.9362395459976106,0.0034933686950045
upper_brow_forehead,translated_026,9,5,8,24,192,0.0,0.923509557945042,0.001009328160597
upper_brow_forehead,translated_027,22,6,8,24,192,0.0,0.8792035045798486,0.0103460203698331
upper_brow_forehead,translated_028,3,5,8,24,192,0.5989583333333334,0.9292960971724412,0.0027571146219041
upper_brow_forehead,translated_029,10,7,8,24,192,0.0,0.917689167662286,0.0021343190976399
upper_brow_forehead,translated_030,8,0,8,24,192,0.0,0.9387674233373158,0.0044564282437286
upper_brow_forehead,translated_031,19,8,8,24,192,0.0,0.9093717642373556,0.0029323648152869
upper_brow_forehead,translated_032,13,7,8,24,192,0.0,0.9140113500597372,0.0045893563760979
upper_brow_forehead,translated_033,3,8,8,24,192,0.5208333333333334,0.9262166467542812,0.0037916925844822
upper_brow_forehead,translated_034,24,5,8,24,192,0.0,0.8430007964954201,0.0128412692691269
upper_brow_forehead,translated_035,7,8,8,24,192,0.1041666666666666,0.9272869374751096,0.0021678916430509
upper_brow_forehead,translated_036,16,2,8,24,192,0.0,0.9096226602947034,0.0081896375430467
upper_brow_forehead,translated_037,8,5,8,24,192,0.0,0.9231192751891676,0.0014470897189427
upper_brow_forehead,translated_038,15,8,8,24,192,0.0,0.9082596575069694,0.0044590059442629
upper_brow_forehead,translated_039,6,0,8,24,192,0.2083333333333333,0.9315312624452408,0.001676237633478
upper_brow_forehead,translated_040,19,1,8,24,192,0.0,0.9108144165671048,0.0073312571862311
upper_brow_forehead,translated_041,6,7,8,24,192,0.21875,0.924721226602947,0.0029646746927999
upper_brow_forehead,translated_042,20,3,8,24,192,0.0,0.8933283552369572,0.0069614072792667
upper_brow_forehead,translated_043,8,1,8,24,192,0.0,0.9238351254480288,0.0020674558662869
upper_brow_forehead,translated_044,23,7,8,24,192,0.0,0.870421146953405,0.0023321392787716
upper_brow_forehead,translated_045,16,3,8,24,192,0.0,0.905221027479092,0.0075277640955555
upper_brow_forehead,translated_046,13,3,8,24,192,0.0,0.9264565909996018,0.0056783932790198
upper_brow_forehead,translated_047,20,0,8,24,192,0.0,0.9118548387096772,0.0030651448767059
upper_brow_forehead,translated_048,10,3,8,24,192,0.0,0.917326762246117,0.0033505409659185
upper_brow_forehead,translated_049,9,7,8,24,192,0.0,0.9175826363998408,0.0059026389341715
upper_brow_forehead,translated_050,16,6,8,24,192,0.0,0.9170230983671844,0.0023014342013759
upper_brow_forehead,translated_051,11,5,8,24,192,0.0,0.9197510951812028,0.0007617678200859
upper_brow_forehead,translated_052,5,6,8,24,192,0.34375,0.919920350457985,0.0016741340332687
upper_brow_forehead,translated_053,19,3,8,24,192,0.0,0.9040183193946636,0.0037741313492472
upper_brow_forehead,translated_054,11,0,8,24,192,0.0,0.9237883313420948,0.0038857543307004
upper_brow_forehead,translated_055,17,6,8,24,192,0.0,0.919194544006372,0.0040391510769086
upper_brow_forehead,translated_056,4,3,8,24,192,0.4791666666666667,0.9138819195539628,0.0015249842294627
upper_brow_forehead,translated_057,9,3,8,24,192,0.0,0.9244514137793708,0.0024967529099399
upper_brow_forehead,translated_058,5,0,8,24,192,0.3125,0.9263072481083232,0.003429438739137
upper_brow_forehead,translated_059,3,4,8,24,192,0.625,0.9259557945041816,0.0017445832323826
upper_brow_forehead,translated_060,22,2,8,24,192,0.0,0.8842502986857825,0.0103567851192301
upper_brow_forehead,translated_061,19,4,8,24,192,0.0,0.904616686579052,0.0044898884898976
upper_brow_forehead,translated_062,14,5,8,24,192,0.0,0.903574273197929,0.0073400500143455
upper_brow_forehead,translated_063,20,2,8,24,192,0.0,0.9091367980884112,0.0096470111851647
upper_brow_forehead,translated_064,19,0,8,24,192,0.0,0.9207178414974114,0.0041116832847379
left_periocular,translated_001,20,0,7,14,98,0.0,0.882110712863401,0.0030519626931649
left_periocular,translated_002,7,5,7,14,98,0.5510204081632653,0.8798247710075667,0.0027002620952102
left_periocular,translated_003,11,15,7,14,98,0.0,0.8652309836718439,0.0063211765851842
left_periocular,translated_004,11,11,7,14,98,0.1224489795918367,0.8412923138191956,0.0030579448862201
left_periocular,translated_005,10,14,7,14,98,0.0,0.8814675428116289,0.0037958078552612
left_periocular,translated_006,8,3,7,14,98,0.7857142857142857,0.8894305057745919,0.0099932881717328
left_periocular,translated_007,20,13,7,14,98,0.0,0.8537763839107925,0.0052166584251849
left_periocular,translated_008,17,3,7,14,98,0.0,0.8611469534050181,0.0074453906540419
left_periocular,translated_009,4,9,7,14,98,0.1530612244897959,0.8581013540422143,0.0030235269016594
left_periocular,translated_010,13,3,7,14,98,0.2244897959183673,0.8864058144165671,0.0034447903210315
left_periocular,translated_011,15,6,7,14,98,0.0,0.8752389486260453,0.0067847072153497
left_periocular,translated_012,15,2,7,14,98,0.0,0.871157905217045,0.0073766011944937
left_periocular,translated_013,5,7,7,14,98,0.2857142857142857,0.8596973317403425,0.0012773465492684
left_periocular,translated_014,4,14,7,14,98,0.0,0.8919344882516925,0.0018555584300345
left_periocular,translated_015,12,4,7,14,98,0.3061224489795918,0.8724771007566706,0.0057327181205617
left_periocular,translated_016,21,8,7,14,98,0.0,0.8360892074870568,0.0051945994641342
left_periocular,translated_017,2,16,7,14,98,0.0,0.892700119474313,0.0015407004815588
left_periocular,translated_018,21,15,7,14,98,0.0,0.8137654320987654,0.0226799107393535
left_periocular,translated_019,20,5,7,14,98,0.0,0.8834030266825965,0.0031524219703628
left_periocular,translated_020,9,4,7,14,98,0.6122448979591837,0.8802399442453206,0.004604259826302
left_periocular,translated_021,13,14,7,14,98,0.0,0.8788341298287534,0.0019951882373532
left_periocular,translated_022,7,10,7,14,98,0.2448979591836734,0.8819862604540023,0.0030683782701653
left_periocular,translated_023,10,16,7,14,98,0.0,0.8557029072082836,0.0027974763272687
left_periocular,translated_024,24,6,7,14,98,0.0,0.799200517722023,0.0146406710843554
left_periocular,translated_025,19,5,7,14,98,0.0,0.8791338112305854,0.0104882507776838
left_periocular,translated_026,0,4,7,14,98,0.0,0.8675248904818798,0.0073768920513565
left_periocular,translated_027,0,11,7,14,98,0.0,0.8562176423735562,0.0103887201858412
left_periocular,translated_028,1,9,7,14,98,0.0,0.8483641975308641,0.0173247994726078
left_periocular,translated_029,19,2,7,14,98,0.0,0.8681581043409,0.0028235276415673
left_periocular,translated_030,8,11,7,14,98,0.2142857142857142,0.8801583034647553,0.0025449781464307
left_periocular,translated_031,1,12,7,14,98,0.0,0.8686419753086421,0.0013627285830397
left_periocular,translated_032,17,18,7,14,98,0.0,0.855726802070888,0.0017061059837633
left_periocular,translated_033,20,12,7,14,98,0.0,0.854336917562724,0.0072094166678167
left_periocular,translated_034,8,8,7,14,98,0.4285714285714285,0.8631700517722024,0.0025688806395752
left_periocular,translated_035,10,6,7,14,98,0.4081632653061224,0.8507646356033453,0.0054648259611988
left_periocular,translated_036,18,17,7,14,98,0.0,0.8403494623655914,0.0194393489130817
left_periocular,translated_037,24,16,7,14,98,0.0,0.7803335324571884,0.0106819884390443
left_periocular,translated_038,5,2,7,14,98,0.4897959183673469,0.8950677021107128,0.0041379617569496
left_periocular,translated_039,4,0,7,14,98,0.4285714285714285,0.908152130625249,0.0030221693054761
left_periocular,translated_040,6,1,7,14,98,0.6632653061224489,0.8982417363600158,0.0036732101795457
left_periocular,translated_041,14,5,7,14,98,0.0918367346938775,0.8853643966547193,0.0103693496096466
left_periocular,translated_042,13,16,7,14,98,0.0,0.8706929510155316,0.0115809733936093
left_periocular,translated_043,15,0,7,14,98,0.0,0.8771306252489048,0.0087136642761782
left_periocular,translated_044,19,13,7,14,98,0.0,0.8589137793707686,0.0028878642033983
left_periocular,translated_045,15,9,7,14,98,0.0,0.8511220629231381,0.0121729478932096
left_periocular,translated_046,21,12,7,14,98,0.0,0.8330177220230984,0.0143526379655004
left_periocular,translated_047,0,13,7,14,98,0.0,0.8759727200318599,0.0108570159229031
left_periocular,translated_048,16,14,7,14,98,0.0,0.8623367184388689,0.0071807232383426
left_periocular,translated_049,22,6,7,14,98,0.0,0.8319494225408204,0.0085087345710509
left_periocular,translated_050,3,15,7,14,98,0.0,0.8936698526483472,0.0060161547555806
left_periocular,translated_051,7,17,7,14,98,0.0,0.8927489048187973,0.0074756285932855
left_periocular,translated_052,5,0,7,14,98,0.5714285714285714,0.9063241736360016,0.0035301580693529
left_periocular,translated_053,5,10,7,14,98,0.1632653061224489,0.8685095579450418,0.0078586738265795
left_periocular,translated_054,14,0,7,14,98,0.1428571428571428,0.8924601752289923,0.0044862140533966
left_periocular,translated_055,17,4,7,14,98,0.0,0.8794135802469136,0.0046457127405299
left_periocular,translated_056,3,1,7,14,98,0.2653061224489796,0.900000995619275,0.0019958610722426
left_periocular,translated_057,3,16,7,14,98,0.0,0.8899014336917563,0.0109445595261459
left_periocular,translated_058,19,17,7,14,98,0.0,0.846774193548387,0.008631541102051
left_periocular,translated_059,18,13,7,14,98,0.0,0.8636409796893668,0.0087197696305095
left_periocular,translated_060,25,10,7,14,98,0.0,0.7204101951413779,0.0288267642412343
left_periocular,translated_061,2,13,7,14,98,0.010204081632653,0.8682905217045002,0.0023479900686374
left_periocular,translated_062,19,6,7,14,98,0.0,0.8765591397849463,0.0144674677028564
left_periocular,translated_063,1,1,7,14,98,0.0,0.912389486260454,0.0053714434056374
left_periocular,translated_064,10,4,7,14,98,0.5102040816326531,0.8781810035842295,0.0076702828814229
right_periocular,translated_001,4,0,7,14,98,0.0,0.908152130625249,0.0030221693054761
right_periocular,translated_002,11,15,7,14,98,0.4489795918367347,0.8652309836718439,0.0063211765851842
right_periocular,translated_003,8,13,7,14,98,0.6428571428571429,0.8873755475906013,0.004100961595632
right_periocular,translated_004,19,9,7,14,98,0.0,0.8668309438470728,0.0061436173202973
right_periocular,translated_005,21,3,7,14,98,0.0,0.8550756670649143,0.0083210612294691
right_periocular,translated_006,0,3,7,14,98,0.0,0.88176324173636,0.005702674550535
right_periocular,translated_007,10,9,7,14,98,0.2551020408163265,0.8508343289526086,0.0060321073394021
right_periocular,translated_008,6,4,7,14,98,0.0,0.8881192751891677,0.0042155414842528
right_periocular,translated_009,4,4,7,14,98,0.0,0.8740452011150935,0.0054542651917476
right_periocular,translated_010,10,3,7,14,98,0.0,0.8876115093588212,0.0019925550705616
right_periocular,translated_011,21,5,7,14,98,0.0,0.8620181202708084,0.0051217987364159
right_periocular,translated_012,18,2,7,14,98,0.0,0.8705884109916369,0.0036785139849706
right_periocular,translated_013,7,9,7,14,98,0.3061224489795918,0.8768598168060534,0.0039773927121917
right_periocular,translated_014,11,13,7,14,98,0.3673469387755102,0.8654022301871764,0.0062443335233267
right_periocular,translated_015,15,15,7,14,98,0.0,0.8647491039426524,0.0142392660168773
right_periocular,translated_016,16,18,7,14,98,0.0,0.8424900438072482,0.0103673440720634
right_periocular,translated_017,23,6,7,14,98,0.0,0.8111917562724015,0.0074534779354849
right_periocular,translated_018,20,10,7,14,98,0.0,0.8583821186778176,0.002856123871349
right_periocular,translated_019,8,0,7,14,98,0.0,0.901005575467941,0.0045331029958008
right_periocular,translated_020,1,17,7,14,98,0.0,0.9031421744324972,0.0047854580022461
right_periocular,translated_021,8,8,7,14,98,0.2857142857142857,0.8631700517722024,0.0025688806395752
right_periocular,translated_022,7,0,7,14,98,0.0,0.908779370768618,0.0054919481896844
right_periocular,translated_023,0,14,7,14,98,0.0,0.8841367980884111,0.0095811117836075
right_periocular,translated_024,24,17,7,14,98,0.0,0.7847411389884509,0.014499957907717
right_periocular,translated_025,23,1,7,14,98,0.0,0.8651224611708482,0.0069285651108551
right_periocular,translated_026,17,10,7,14,98,0.0,0.8707915173237755,0.0052235942130914
right_periocular,translated_027,15,18,7,14,98,0.0,0.841894663480685,0.0113804301644037
right_periocular,translated_028,0,10,7,14,98,0.0,0.8594275189167662,0.0038910886465132
right_periocular,translated_029,10,1,7,14,98,0.0,0.8827080844285146,0.0079970240599909
right_periocular,translated_030,9,9,7,14,98,0.3061224489795918,0.8584717244125847,0.0018992431310203
right_periocular,translated_031,25,7,7,14,98,0.0,0.7472311827956988,0.0111516131937867
right_periocular,translated_032,3,1,7,14,98,0.0,0.900000995619275,0.0019958610722426
right_periocular,translated_033,11,0,7,14,98,0.0,0.8936678614097969,0.006421167071385
right_periocular,translated_034,20,11,7,14,98,0.0,0.8598187972919155,0.0027850224339203
right_periocular,translated_035,21,7,7,14,98,0.0,0.8396495420151334,0.0038493289805802
right_periocular,translated_036,17,2,7,14,98,0.0,0.8698755475906014,0.0105274791654392
right_periocular,translated_037,9,3,7,14,98,0.0,0.8871823974512147,0.0046283425325096
right_periocular,translated_038,21,18,7,14,98,0.0,0.8271067303863003,0.0086559538306583
right_periocular,translated_039,4,8,7,14,98,0.1224489795918367,0.8526543209876544,0.0059568956252168
right_periocular,translated_040,15,14,7,14,98,0.0,0.867906212664277,0.0061807983660523
right_periocular,translated_041,15,16,7,14,98,0.0,0.8642901234567901,0.0052491001808938
right_periocular,translated_042,7,11,7,14,98,0.4285714285714285,0.8851553166069296,0.009693220668383
right_periocular,translated_043,25,2,7,14,98,0.0,0.8252120669056152,0.004501244292589
right_periocular,translated_044,7,17,7,14,98,0.7959183673469388,0.8927489048187973,0.0074756285932855
right_periocular,translated_045,23,3,7,14,98,0.0,0.8365700915969733,0.0043676199435935
right_periocular,translated_046,19,18,7,14,98,0.0,0.8462813620071685,0.0052297424114335
right_periocular,translated_047,0,6,7,14,98,0.0,0.8579739147749902,0.0147554242063277
right_periocular,translated_048,4,18,7,14,98,0.4285714285714285,0.8800746714456391,0.0024919113361379
right_periocular,translated_049,23,17,7,14,98,0.0,0.7888291517323777,0.002609134431068
right_periocular,translated_050,5,14,7,14,98,0.4081632653061224,0.8889426523297491,0.0053807984667005
right_periocular,translated_051,21,4,7,14,98,0.0,0.8573606133014735,0.00144471424113
right_periocular,translated_052,11,18,7,14,98,0.5714285714285714,0.8398715651135006,0.0119211782198803
right_periocular,translated_053,20,1,7,14,98,0.0,0.8830774591796097,0.0050394074865867
right_periocular,translated_054,7,6,7,14,98,0.1224489795918367,0.8843150139386698,0.0055509242631673
right_periocular,translated_055,20,9,7,14,98,0.0,0.8530635205097571,0.0048593930966313
right_periocular,translated_056,16,15,7,14,98,0.0,0.8653335324571882,0.0044890697793982
right_periocular,translated_057,0,18,7,14,98,0.0,0.8983980485862206,0.0039321870779422
right_periocular,translated_058,9,12,7,14,98,0.4897959183673469,0.8753185981680606,0.0128312653114009
right_periocular,translated_059,16,2,7,14,98,0.0,0.8836360015929908,0.006303178979826
right_periocular,translated_060,18,16,7,14,98,0.0,0.8512146555157307,0.0093925966786123
right_periocular,translated_061,13,9,7,14,98,0.1020408163265306,0.8528863002787735,0.0090665031604932
right_periocular,translated_062,3,10,7,14,98,0.1224489795918367,0.8608940661091199,0.0058433706136149
right_periocular,translated_063,16,13,7,14,98,0.0,0.8616278375149342,0.003151568141369
right_periocular,translated_064,24,11,7,14,98,0.0,0.7557198327359617,0.0087223367575771
nasal_midface,translated_001,16,5,14,4,56,0.0,0.8713032656312225,0.0103853224128322
nasal_midface,translated_002,15,19,14,4,56,0.0,0.8153614097968936,0.003525672857764
nasal_midface,translated_003,9,24,14,4,56,0.0,0.8574870569494225,0.0031946204998972
nasal_midface,translated_004,0,4,14,4,56,0.0,0.8866577060931901,0.009499094508636
nasal_midface,translated_005,14,24,14,4,56,0.0,0.8118956590999602,0.006554309751803
nasal_midface,translated_006,4,23,14,4,56,0.0,0.849415571485464,0.0059374168472404
nasal_midface,translated_007,17,3,14,4,56,0.0,0.825967741935484,0.0090435958721892
nasal_midface,translated_008,0,5,14,4,56,0.0,0.8702548785344485,0.0081813881553997
nasal_midface,translated_009,8,5,14,4,56,0.0,0.8884179609717244,0.0008808817143772
nasal_midface,translated_010,9,2,14,4,56,0.0,0.8312514934289128,0.0071462325932402
nasal_midface,translated_011,11,1,14,4,56,0.0,0.8236579052170451,0.005703423853578
nasal_midface,translated_012,18,20,14,4,56,0.0,0.815394265232975,0.0093472230322992
nasal_midface,translated_013,17,16,14,4,56,0.1785714285714285,0.8308771405814417,0.0078491965974234
nasal_midface,translated_014,5,28,14,4,56,0.0,0.8235971724412584,0.0047004282605243
nasal_midface,translated_015,12,5,14,4,56,0.0,0.8822700119474313,0.0041982632275334
nasal_midface,translated_016,5,5,14,4,56,0.0,0.8761837913182,0.0019249188333583
nasal_midface,translated_017,16,25,14,4,56,0.0,0.791668657905217,0.0197369965757958
nasal_midface,translated_018,3,2,14,4,56,0.0,0.8736041417761848,0.007592429461246
nasal_midface,translated_019,12,27,14,4,56,0.0,0.7682088809239347,0.0147060244492851
nasal_midface,translated_020,13,24,14,4,56,0.0,0.8094544006371964,0.0017197411600661
nasal_midface,translated_021,4,12,14,4,56,0.3571428571428571,0.8550836320191159,0.0122005142836416
nasal_midface,translated_022,13,17,14,4,56,0.1607142857142857,0.8327887295898049,0.0068842649682414
nasal_midface,translated_023,10,0,14,4,56,0.0,0.8410772600557547,0.0063331122967381
nasal_midface,translated_024,8,0,14,4,56,0.0,0.8440422142572679,0.0036431760866478
nasal_midface,translated_025,11,7,14,4,56,0.0,0.8779788928713659,0.0068452436818659
nasal_midface,translated_026,7,17,14,4,56,0.2321428571428571,0.8308432895260852,0.000639329457933
nasal_midface,translated_027,8,11,14,4,56,0.25,0.8535902031063322,0.0118168827059358
nasal_midface,translated_028,7,23,14,4,56,0.0,0.865416168857029,0.0036384959196326
nasal_midface,translated_029,9,14,14,4,56,0.9285714285714286,0.8008801274392671,0.0072644670477376
nasal_midface,translated_030,3,12,14,4,56,0.3214285714285714,0.8552638391079253,0.0029024303287815
nasal_midface,translated_031,5,4,14,4,56,0.0,0.8779340900039824,0.0087774814517078
nasal_midface,translated_032,15,16,14,4,56,0.25,0.8279928315412186,0.0043534444146254
nasal_midface,translated_033,5,17,14,4,56,0.1964285714285714,0.8216875746714457,0.0023682769141528
nasal_midface,translated_034,1,12,14,4,56,0.25,0.8472720031859818,0.0039737652372155
nasal_midface,translated_035,5,2,14,4,56,0.0,0.8657168458781362,0.0020165427249359
nasal_midface,translated_036,13,5,14,4,56,0.0,0.8793916766228594,0.0039892752361822
nasal_midface,translated_037,1,26,14,4,56,0.0,0.8606063321385902,0.0017243562495913
nasal_midface,translated_038,10,2,14,4,56,0.0,0.8247660294703305,0.0047314188094068
nasal_midface,translated_039,15,20,14,4,56,0.0,0.8159687375547592,0.00333665754375
nasal_midface,translated_040,17,4,14,4,56,0.0,0.8667084826762247,0.0049625265274619
nasal_midface,translated_041,0,11,14,4,56,0.1071428571428571,0.8574283154121863,0.0057480594717079
nasal_midface,translated_042,1,3,14,4,56,0.0,0.8844882516925527,0.0095919056415366
nasal_midface,translated_043,3,13,14,4,56,0.4821428571428571,0.8276363998407009,0.007994807653285
nasal_midface,translated_044,3,25,14,4,56,0.0,0.8432268020708881,0.0022170178981608
nasal_midface,translated_045,17,11,14,4,56,0.0892857142857142,0.8600338510553565,0.0010160644700624
nasal_midface,translated_046,1,10,14,4,56,0.0,0.861668657905217,0.006311580668058
nasal_midface,translated_047,15,7,14,4,56,0.0,0.8296654719235365,0.0065905334339157
nasal_midface,translated_048,2,1,14,4,56,0.0,0.8861867781760256,0.0025408705218716
nasal_midface,translated_049,3,19,14,4,56,0.0,0.834357825567503,0.0236881400985092
nasal_midface,translated_050,5,24,14,4,56,0.0,0.8443409000398248,0.0069510736035049
nasal_midface,translated_051,16,3,14,4,56,0.0,0.8298068498606134,0.0082632323698849
nasal_midface,translated_052,2,2,14,4,56,0.0,0.887967941059339,0.0023659804367756
nasal_midface,translated_053,4,27,14,4,56,0.0,0.8263729589804859,0.0083506825849697
nasal_midface,translated_054,1,9,14,4,56,0.0,0.8562823576264437,0.0042646057862637
nasal_midface,translated_055,5,1,14,4,56,0.0,0.8570290720828355,0.0118286374352223
nasal_midface,translated_056,6,8,14,4,56,0.0,0.8480575467941059,0.0046397943422476
nasal_midface,translated_057,17,26,14,4,56,0.0,0.7426015531660694,0.0080506169218553
nasal_midface,translated_058,4,13,14,4,56,0.5357142857142857,0.8209050179211469,0.0089711064139336
nasal_midface,translated_059,1,16,14,4,56,0.25,0.8331113102349662,0.0106650610818671
nasal_midface,translated_060,4,10,14,4,56,0.0,0.8408432895260852,0.0056191689934789
nasal_midface,translated_061,2,0,14,4,56,0.0,0.8856561131023497,0.002690610757154
nasal_midface,translated_062,1,25,14,4,56,0.0,0.8687335722819594,0.0053937748433835
nasal_midface,translated_063,7,26,14,4,56,0.0,0.8158343289526084,0.0069485550284182
nasal_midface,translated_064,10,5,14,4,56,0.0,0.8860015929908404,0.0009928970151047
left_cheek_zygomatic,translated_001,20,16,9,14,126,0.0,0.8623974512146555,0.0074118444127663
left_cheek_zygomatic,translated_002,23,5,9,14,126,0.0714285714285714,0.8421515332536837,0.007243190169192
left_cheek_zygomatic,translated_003,7,16,9,14,126,0.0,0.9072033054559936,0.0004119301808553
left_cheek_zygomatic,translated_004,17,12,9,14,126,0.1111111111111111,0.9022281959378734,0.004475005848295
left_cheek_zygomatic,translated_005,0,16,9,14,126,0.0,0.9017463162086816,0.0026169210137437
left_cheek_zygomatic,translated_006,6,5,9,14,126,0.0,0.8891905615292712,0.0055138552329391
left_cheek_zygomatic,translated_007,0,17,9,14,126,0.0,0.904731182795699,0.0018538668845877
left_cheek_zygomatic,translated_008,19,1,9,14,126,0.5158730158730159,0.9066875746714456,0.0077461311587719
left_cheek_zygomatic,translated_009,12,14,9,14,126,0.0,0.8994802867383512,0.0040544006839427
left_cheek_zygomatic,translated_010,9,18,9,14,126,0.0,0.8890511748307447,0.0153534737666928
left_cheek_zygomatic,translated_011,7,12,9,14,126,0.0158730158730158,0.8894603743528475,0.0113212173357925
left_cheek_zygomatic,translated_012,12,18,9,14,126,0.0,0.872869374751095,0.0032737029134621
left_cheek_zygomatic,translated_013,11,7,9,14,126,0.2777777777777778,0.8697232178414973,0.0051097921410263
left_cheek_zygomatic,translated_014,4,2,9,14,126,0.0,0.9022461170848266,0.0045221471362653
left_cheek_zygomatic,translated_015,14,0,9,14,126,0.8888888888888888,0.9067751891676622,0.0040394139050329
left_cheek_zygomatic,translated_016,16,4,9,14,126,0.6349206349206349,0.8976891676622859,0.0065920800308234
left_cheek_zygomatic,translated_017,22,1,9,14,126,0.2063492063492063,0.8785563520509757,0.0006690983765194
left_cheek_zygomatic,translated_018,21,17,9,14,126,0.0,0.843957586618877,0.012162674310142
left_cheek_zygomatic,translated_019,10,12,9,14,126,0.0634920634920634,0.8808801274392674,0.0050676629899617
left_cheek_zygomatic,translated_020,7,8,9,14,126,0.0476190476190476,0.8677927120669056,0.0062692281612914
left_cheek_zygomatic,translated_021,20,13,9,14,126,0.0317460317460317,0.8618986459577856,0.0109679641309445
left_cheek_zygomatic,translated_022,8,3,9,14,126,0.1746031746031746,0.8932546794105933,0.0045108884547909
left_cheek_zygomatic,translated_023,9,12,9,14,126,0.0476190476190476,0.8843817204301075,0.0029903683074193
left_cheek_zygomatic,translated_024,1,12,9,14,126,0.0,0.8911997212266028,0.0008772281599228
left_cheek_zygomatic,translated_025,15,13,9,14,126,0.0714285714285714,0.8852409398645958,0.0149156485618222
left_cheek_zygomatic,translated_026,19,5,9,14,126,0.3571428571428571,0.8912126642771804,0.0048055897050082
left_cheek_zygomatic,translated_027,11,6,9,14,126,0.3174603174603174,0.875883114297093,0.0044528193602942
left_cheek_zygomatic,translated_028,8,13,9,14,126,0.0158730158730158,0.9009219434488251,0.0029651335613472
left_cheek_zygomatic,translated_029,14,14,9,14,126,0.0,0.8847142572680208,0.0250092265699504
left_cheek_zygomatic,translated_030,18,13,9,14,126,0.0476190476190476,0.8807596575069693,0.0050886506335871
left_cheek_zygomatic,translated_031,12,3,9,14,126,0.5238095238095238,0.898199920350458,0.0109043639724726
left_cheek_zygomatic,translated_032,7,14,9,14,126,0.0,0.9115282755874152,0.0079649940884107
left_cheek_zygomatic,translated_033,16,18,9,14,126,0.0,0.8729380724810832,0.0037019320411599
left_cheek_zygomatic,translated_034,5,8,9,14,126,0.0,0.8699014336917563,0.0032934844843834
left_cheek_zygomatic,translated_035,11,16,9,14,126,0.0,0.8751662684189565,0.0047236052440714
left_cheek_zygomatic,translated_036,2,17,9,14,126,0.0,0.917126642771804,0.0081258278219809
left_cheek_zygomatic,translated_037,3,1,9,14,126,0.0,0.9124751095181202,0.0034890364884892
left_cheek_zygomatic,translated_038,13,15,9,14,126,0.0,0.8911658701712465,0.0047916985699754
left_cheek_zygomatic,translated_039,12,6,9,14,126,0.3809523809523809,0.8881272401433692,0.0029289289881566
left_cheek_zygomatic,translated_040,10,13,9,14,126,0.0317460317460317,0.8894354838709676,0.0060602241207933
left_cheek_zygomatic,translated_041,19,0,9,14,126,0.5555555555555556,0.9017035045798486,0.0030979379698078
left_cheek_zygomatic,translated_042,20,2,9,14,126,0.3809523809523809,0.8949044205495819,0.0063449662678762
left_cheek_zygomatic,translated_043,2,0,9,14,126,0.0,0.9182447232178416,0.0026312849985104
left_cheek_zygomatic,translated_044,18,14,9,14,126,0.0,0.8600567502986857,0.0130691424129479
left_cheek_zygomatic,translated_045,4,18,9,14,126,0.0,0.9003753484667462,0.0045406097659036
left_cheek_zygomatic,translated_046,15,10,9,14,126,0.2857142857142857,0.8810463958582239,0.0045533717719738
left_cheek_zygomatic,translated_047,19,16,9,14,126,0.0,0.8669066109119873,0.0031567813842218
left_cheek_zygomatic,translated_048,12,17,9,14,126,0.0,0.8783512544802868,0.0041499366512677
left_cheek_zygomatic,translated_049,2,8,9,14,126,0.0,0.8793279569892473,0.0027573551351205
left_cheek_zygomatic,translated_050,18,11,9,14,126,0.1428571428571428,0.8783910792512942,0.0096173280048862
left_cheek_zygomatic,translated_051,5,11,9,14,126,0.0,0.8770440063719634,0.0015290884062887
left_cheek_zygomatic,translated_052,4,8,9,14,126,0.0,0.8653265631222619,0.0070865550338162
left_cheek_zygomatic,translated_053,14,18,9,14,126,0.0,0.8681491437674232,0.0007744567742602
left_cheek_zygomatic,translated_054,9,17,9,14,126,0.0,0.8880356431700518,0.0031972779564835
left_cheek_zygomatic,translated_055,9,5,9,14,126,0.2142857142857142,0.8857716049382716,0.0025929854195161
left_cheek_zygomatic,translated_056,20,0,9,14,126,0.4444444444444444,0.8897650338510554,0.0038607842034319
left_cheek_zygomatic,translated_057,12,13,9,14,126,0.0476190476190476,0.8841975308641975,0.0030381796496742
left_cheek_zygomatic,translated_058,20,8,9,14,126,0.1904761904761904,0.869758064516129,0.0078075760834309
left_cheek_zygomatic,translated_059,2,13,9,14,126,0.0,0.9065442054958184,0.0047895315325047
left_cheek_zygomatic,translated_060,14,5,9,14,126,0.5714285714285714,0.8875985663082439,0.0012858448956967
left_cheek_zygomatic,translated_061,8,6,9,14,126,0.1269841269841269,0.8761290322580645,0.0066226202381117
left_cheek_zygomatic,translated_062,20,18,9,14,126,0.0,0.8635294703305455,0.0101044708629932
left_cheek_zygomatic,translated_063,17,0,9,14,126,0.7777777777777778,0.897847471127041,0.0011734981372197
left_cheek_zygomatic,translated_064,11,2,9,14,126,0.4761904761904761,0.8990292712066905,0.0032243140602837
right_cheek_zygomatic,translated_001,15,14,9,14,126,0.7142857142857143,0.8788301473516528,0.0144868338988266
right_cheek_zygomatic,translated_002,16,17,9,14,126,0.8253968253968254,0.8855615292712066,0.007469092338558
right_cheek_zygomatic,translated_003,19,17,9,14,126,0.5158730158730159,0.858705694942254,0.0069857645422349
right_cheek_zygomatic,translated_004,0,10,9,14,126,0.0,0.873031660692951,0.0139796532594803
right_cheek_zygomatic,translated_005,15,0,9,14,126,0.0,0.9028225806451612,0.0029800534801132
right_cheek_zygomatic,translated_006,2,6,9,14,126,0.0,0.8888888888888888,0.0024065827303433
right_cheek_zygomatic,translated_007,19,9,9,14,126,0.1984126984126984,0.8706859816806053,0.0055832053788384
right_cheek_zygomatic,translated_008,18,0,9,14,126,0.0,0.9061618876941456,0.0049045051340466
right_cheek_zygomatic,translated_009,5,8,9,14,126,0.0,0.8699014336917563,0.0032934844843834
right_cheek_zygomatic,translated_010,6,7,9,14,126,0.0,0.8754569892473117,0.0039657745375342
right_cheek_zygomatic,translated_011,10,13,9,14,126,0.2857142857142857,0.8894354838709676,0.0060602241207933
right_cheek_zygomatic,translated_012,9,11,9,14,126,0.1666666666666666,0.8809199522102747,0.0095735810537246
right_cheek_zygomatic,translated_013,8,18,9,14,126,0.2222222222222222,0.8938371166865791,0.0075707427166002
right_cheek_zygomatic,translated_014,10,8,9,14,126,0.1269841269841269,0.8646067303863004,0.0168482643642116
right_cheek_zygomatic,translated_015,17,17,9,14,126,0.7222222222222222,0.8740651135005973,0.0038160729603489
right_cheek_zygomatic,translated_016,21,11,9,14,126,0.1666666666666666,0.8050816407805655,0.012383234940176
right_cheek_zygomatic,translated_017,4,2,9,14,126,0.0,0.9022461170848266,0.0045221471362653
right_cheek_zygomatic,translated_018,10,16,9,14,126,0.3809523809523809,0.8814187574671446,0.0046989938012877
right_cheek_zygomatic,translated_019,22,17,9,14,126,0.2063492063492063,0.8379609717244124,0.0026879751244304
right_cheek_zygomatic,translated_020,20,14,9,14,126,0.3174603174603174,0.8295489844683394,0.012855117196904
right_cheek_zygomatic,translated_021,19,0,9,14,126,0.0,0.9017035045798486,0.0030979379698078
right_cheek_zygomatic,translated_022,20,3,9,14,126,0.0,0.8893130227001195,0.009162168244547
right_cheek_zygomatic,translated_023,7,6,9,14,126,0.0158730158730158,0.8736449621664676,0.0010879804732845
right_cheek_zygomatic,translated_024,22,18,9,14,126,0.2222222222222222,0.8345450019912386,0.0074584180390382
right_cheek_zygomatic,translated_025,13,6,9,14,126,0.1111111111111111,0.8914476304261251,0.0040526524527489
right_cheek_zygomatic,translated_026,15,16,9,14,126,0.8571428571428571,0.8786758263639983,0.0052046126883732
right_cheek_zygomatic,translated_027,6,8,9,14,126,0.0,0.8704659498207885,0.001619595942208
right_cheek_zygomatic,translated_028,12,15,9,14,126,0.5238095238095238,0.8937654320987654,0.0082907901239898
right_cheek_zygomatic,translated_029,1,6,9,14,126,0.0,0.881425726802071,0.0007252613194741
right_cheek_zygomatic,translated_030,23,5,9,14,126,0.0079365079365079,0.8421515332536837,0.007243190169192
right_cheek_zygomatic,translated_031,3,3,9,14,126,0.0,0.8961270410195142,0.0026584751755674
right_cheek_zygomatic,translated_032,4,18,9,14,126,0.0,0.9003753484667462,0.0045406097659036
right_cheek_zygomatic,translated_033,3,2,9,14,126,0.0,0.909010354440462,0.0007812122693411
right_cheek_zygomatic,translated_034,12,3,9,14,126,0.0,0.898199920350458,0.0109043639724726
right_cheek_zygomatic,translated_035,0,11,9,14,126,0.0,0.8626115093588211,0.0097420480184804
right_cheek_zygomatic,translated_036,23,9,9,14,126,0.0396825396825396,0.8147441258462763,0.0142692906512174
right_cheek_zygomatic,translated_037,18,12,9,14,126,0.3809523809523809,0.8803454798884908,0.0041174161038701
right_cheek_zygomatic,translated_038,9,6,9,14,126,0.0476190476190476,0.8790143369175628,0.0015424713357186
right_cheek_zygomatic,translated_039,8,1,9,14,126,0.0,0.9103285543608124,0.0052203712860223
right_cheek_zygomatic,translated_040,18,15,9,14,126,0.5238095238095238,0.8615611310234966,0.0059063754735275
right_cheek_zygomatic,translated_041,1,17,9,14,126,0.0,0.9083502588610114,0.0047039116613903
right_cheek_zygomatic,translated_042,14,5,9,14,126,0.0634920634920634,0.8875985663082439,0.0012858448956967
right_cheek_zygomatic,translated_043,7,18,9,14,126,0.1111111111111111,0.9010493827160494,0.0014617803446106
right_cheek_zygomatic,translated_044,15,5,9,14,126,0.0714285714285714,0.9026244524093986,0.0054251537316743
right_cheek_zygomatic,translated_045,13,3,9,14,126,0.0,0.8935603345280764,0.0042160045742028
right_cheek_zygomatic,translated_046,9,8,9,14,126,0.0952380952380952,0.8683044603743527,0.0079871595960155
right_cheek_zygomatic,translated_047,15,8,9,14,126,0.2857142857142857,0.871846873755476,0.0055681730132682
right_cheek_zygomatic,translated_048,5,4,9,14,126,0.0,0.8982427319792912,0.0034458118458634
right_cheek_zygomatic,translated_049,8,11,9,14,126,0.1111111111111111,0.8898397052966945,0.0046721238714982
right_cheek_zygomatic,translated_050,10,4,9,14,126,0.0,0.894684388689765,0.0019053468623401
right_cheek_zygomatic,translated_051,5,3,9,14,126,0.0,0.8913819195539624,0.0087252054468478
right_cheek_zygomatic,translated_052,14,13,9,14,126,0.5714285714285714,0.8761121067303863,0.0224241371080355
right_cheek_zygomatic,translated_053,11,12,9,14,126,0.3174603174603174,0.8713570290720828,0.0120983321759272
right_cheek_zygomatic,translated_054,23,16,9,14,126,0.0952380952380952,0.797189366786141,0.0136934577764523
right_cheek_zygomatic,translated_055,17,18,9,14,126,0.7777777777777778,0.8726204699322979,0.0001197850399792
right_cheek_zygomatic,translated_056,1,11,9,14,126,0.0,0.8897401433691755,0.0051435677752894
right_cheek_zygomatic,translated_057,19,7,9,14,126,0.119047619047619,0.8848546395858223,0.003893332608311
right_cheek_zygomatic,translated_058,6,15,9,14,126,0.0,0.9070489844683391,0.0050403285543572
right_cheek_zygomatic,translated_059,22,3,9,14,126,0.0,0.8742224213460773,0.001811554099959
right_cheek_zygomatic,translated_060,8,0,9,14,126,0.0,0.9162027080844286,0.0024137661554922
right_cheek_zygomatic,translated_061,16,1,9,14,126,0.0,0.9043409000398248,0.0086857365075249
right_cheek_zygomatic,translated_062,3,10,9,14,126,0.0,0.884115890083632,0.0065363116677249
right_cheek_zygomatic,translated_063,14,11,9,14,126,0.4444444444444444,0.8642951015531661,0.0025928661440562
right_cheek_zygomatic,translated_064,6,17,9,14,126,0.0,0.8986031461569096,0.0046007387878185
perioral_mouth,translated_001,18,13,4,16,64,0.0,0.8544872560732776,0.007146625410677
perioral_mouth,translated_002,13,16,4,16,64,0.0,0.7883393070489845,0.0094320936179227
perioral_mouth,translated_003,1,13,4,16,64,0.0,0.877067901234568,0.000719245866284
perioral_mouth,translated_004,25,3,4,16,64,0.515625,0.7926722421346076,0.003954848282072
perioral_mouth,translated_005,10,9,4,16,64,0.0,0.8415601354042215,0.0022240848822302
perioral_mouth,translated_006,18,0,4,16,64,0.0,0.8520111509358821,0.0076428808825035
perioral_mouth,translated_007,8,13,4,16,64,0.0,0.8802966945440064,0.0005628173326947
perioral_mouth,translated_008,19,3,4,16,64,0.0,0.8295340501792113,0.0091356565863106
perioral_mouth,translated_009,28,4,4,16,64,0.0,0.8022431302270013,0.0151077846421629
perioral_mouth,translated_010,8,10,4,16,64,0.0,0.8617592592592592,0.0014396654719235
perioral_mouth,translated_011,16,12,4,16,64,0.0,0.8437126642771804,0.0096448108933095
perioral_mouth,translated_012,13,10,4,16,64,0.0,0.8217642373556352,0.0065330237405476
perioral_mouth,translated_013,6,12,4,16,64,0.0,0.8545838311429709,0.0098724305564042
perioral_mouth,translated_014,21,16,4,16,64,0.125,0.8043319394663481,0.0094358924788947
perioral_mouth,translated_015,12,11,4,16,64,0.0,0.8219942254082039,0.0155838975255049
perioral_mouth,translated_016,1,15,4,16,64,0.0,0.860200119474313,0.0043503376594597
perioral_mouth,translated_017,13,14,4,16,64,0.0,0.7880286738351255,0.0041575977323524
perioral_mouth,translated_018,11,9,4,16,64,0.0,0.8287813620071685,0.011399742312438
perioral_mouth,translated_019,2,14,4,16,64,0.0,0.8755784547988849,0.0079047982844685
perioral_mouth,translated_020,23,6,4,16,64,0.65625,0.8006849860613302,0.0079068492406987
perioral_mouth,translated_021,21,12,4,16,64,0.1875,0.7981381919553963,0.0027293643576531
perioral_mouth,translated_022,0,3,4,16,64,0.0,0.8538132218239746,0.0061707574275379
perioral_mouth,translated_023,19,11,4,16,64,0.0,0.8575288729589805,0.0060637549307171
perioral_mouth,translated_024,7,7,4,16,64,0.0,0.8558492632417364,0.007449206849906
perioral_mouth,translated_025,26,13,4,16,64,0.34375,0.7432855436081244,0.0318890763349005
perioral_mouth,translated_026,12,10,4,16,64,0.0,0.8187495021903622,0.0204347395425819
perioral_mouth,translated_027,20,14,4,16,64,0.0,0.817557745917961,0.021675469466086
perioral_mouth,translated_028,13,9,4,16,64,0.0,0.8196266427718039,0.0069261407527426
perioral_mouth,translated_029,17,14,4,16,64,0.0,0.8609597769812822,0.0029460508941154
perioral_mouth,translated_030,23,5,4,16,64,0.609375,0.7814645559538033,0.0162307003944839
perioral_mouth,translated_031,0,0,4,16,64,0.0,0.8773815213062525,0.0065001618810484
perioral_mouth,translated_032,27,15,4,16,64,0.140625,0.7458681800079651,0.0085971509377
perioral_mouth,translated_033,1,5,4,16,64,0.0,0.8465272799681403,0.0031669769631346
perioral_mouth,translated_034,21,10,4,16,64,0.21875,0.8307397451214656,0.0071623270851803
perioral_mouth,translated_035,24,14,4,16,64,0.625,0.7440093588211867,0.0102745488137499
perioral_mouth,translated_036,6,2,4,16,64,0.0,0.8532457188371166,0.0073099599154545
perioral_mouth,translated_037,28,12,4,16,64,0.0,0.7606640780565512,0.0141137936711665
perioral_mouth,translated_038,13,1,4,16,64,0.0,0.8207337714058144,0.0071153839229467
perioral_mouth,translated_039,11,6,4,16,64,0.0,0.8329968140183195,0.0044491072910588
perioral_mouth,translated_040,27,12,4,16,64,0.1875,0.7440501792114697,0.016221601477144
perioral_mouth,translated_041,14,4,4,16,64,0.0,0.8013799283154123,0.0096319042460325
perioral_mouth,translated_042,11,14,4,16,64,0.0,0.8201354042214257,0.0261190441670694
perioral_mouth,translated_043,5,14,4,16,64,0.0,0.8463630027877339,0.0085336662515314
perioral_mouth,translated_044,11,16,4,16,64,0.0,0.7943916766228595,0.0146921937449001
perioral_mouth,translated_045,22,2,4,16,64,0.3125,0.8033731581043408,0.0186012695983397
perioral_mouth,translated_046,3,7,4,16,64,0.0,0.8144703305455994,0.0090496224032974
perioral_mouth,translated_047,22,12,4,16,64,0.375,0.7896435682994823,0.0112683067531356
perioral_mouth,translated_048,23,3,4,16,64,0.515625,0.8189984070091597,0.010881146152075
perioral_mouth,translated_049,18,9,4,16,64,0.0,0.830483870967742,0.018009509607179
perioral_mouth,translated_050,15,7,4,16,64,0.0,0.8161608920748705,0.0045881182590845
perioral_mouth,translated_051,3,6,4,16,64,0.0,0.8214058144165671,0.0051298092599936
perioral_mouth,translated_052,2,4,4,16,64,0.0,0.8495181202708085,0.006746282634365
perioral_mouth,translated_053,27,14,4,16,64,0.15625,0.731172839506173,0.0033879781425483
perioral_mouth,translated_054,20,13,4,16,64,0.0,0.8131551174830745,0.0070292298147994
perioral_mouth,translated_055,8,11,4,16,64,0.0,0.8624482277976901,0.0026756850783517
perioral_mouth,translated_056,3,0,4,16,64,0.0,0.8988600159299084,0.0010683825246469
perioral_mouth,translated_057,28,13,4,16,64,0.0,0.7306451612903228,0.0078822057512647
perioral_mouth,translated_058,25,6,4,16,64,0.65625,0.7484378733572283,0.013091877591507
perioral_mouth,translated_059,3,14,4,16,64,0.0,0.8604141776184787,0.0058948575901197
perioral_mouth,translated_060,11,5,4,16,64,0.0,0.8432407407407408,0.0096052792046789
perioral_mouth,translated_061,2,11,4,16,64,0.0,0.8462923138191956,0.0049581680964944
perioral_mouth,translated_062,1,12,4,16,64,0.0,0.8680704898446834,0.0020926174047671
perioral_mouth,translated_063,10,10,4,16,64,0.0,0.8500487853444842,0.0047693884757052
perioral_mouth,translated_064,2,7,4,16,64,0.0,0.8250696933492633,0.0036994357386403
chin_mandible,translated_001,4,1,4,20,80,0.0,0.8702857427319793,0.0025477552926568
chin_mandible,translated_002,2,3,4,20,80,0.0,0.8575617283950617,0.0060081633224245
chin_mandible,translated_003,24,2,4,20,80,0.0,0.8135583432895261,0.0096030625383169
chin_mandible,translated_004,17,2,4,20,80,0.0,0.8572819593787336,0.023255496070899
chin_mandible,translated_005,3,8,4,20,80,0.0,0.8654271206690561,0.0020324969464241
chin_mandible,translated_006,5,2,4,20,80,0.0,0.8476483472720032,0.00500485114192
chin_mandible,translated_007,10,12,4,20,80,0.0,0.8644066109119871,0.0009784972373049
chin_mandible,translated_008,1,10,4,20,80,0.0,0.8911031461569096,0.0010759088652178
chin_mandible,translated_009,27,8,4,20,80,0.675,0.7425119474313023,0.0270177721668715
chin_mandible,translated_010,1,0,4,20,80,0.0,0.8943070489844684,0.0027224139983504
chin_mandible,translated_011,7,12,4,20,80,0.0,0.8908333333333333,0.0027749645316604
chin_mandible,translated_012,17,6,4,20,80,0.0,0.8890203106332139,0.0073696508796864
chin_mandible,translated_013,10,7,4,20,80,0.0,0.8692293906810037,0.0019464346644582
chin_mandible,translated_014,16,4,4,20,80,0.0,0.8860055754679411,0.0014586430614062
chin_mandible,translated_015,2,0,4,20,80,0.0,0.8992403424930306,0.0052117102962541
chin_mandible,translated_016,1,6,4,20,80,0.0,0.8815621266427717,0.0029658746220047
chin_mandible,translated_017,10,8,4,20,80,0.0,0.8592921146953406,0.0010951142226358
chin_mandible,translated_018,24,12,4,20,80,0.0,0.7696714456391875,0.0090612656898213
chin_mandible,translated_019,24,8,4,20,80,0.0,0.7584737156511349,0.0152712511358386
chin_mandible,translated_020,6,7,4,20,80,0.0,0.8640312624452409,0.0035602697955301
chin_mandible,translated_021,5,3,4,20,80,0.0,0.8434299084030267,0.0026205049224833
chin_mandible,translated_022,20,12,4,20,80,0.0,0.8501632815611311,0.0093109927630705
chin_mandible,translated_023,12,5,4,20,80,0.0,0.8365800477897253,0.0154829845070341
chin_mandible,translated_024,10,9,4,20,80,0.0,0.8603643966547191,0.0075312398488454
chin_mandible,translated_025,23,1,4,20,80,0.0,0.8370927917164476,0.0055041892944703
chin_mandible,translated_026,25,2,4,20,80,0.2,0.8044454400637195,0.0136420304229096
chin_mandible,translated_027,21,11,4,20,80,0.0,0.8250786539227399,0.0019423220512081
chin_mandible,translated_028,1,3,4,20,80,0.0,0.8645011947431301,0.0036338461417429
chin_mandible,translated_029,13,5,4,20,80,0.0,0.8428016726403822,0.0069255559465318
chin_mandible,translated_030,12,12,4,20,80,0.0,0.7930744723217841,0.0267389852424598
chin_mandible,translated_031,20,4,4,20,80,0.0,0.8543289526085225,0.0076716152926347
chin_mandible,translated_032,1,7,4,20,80,0.0,0.8875288729589806,0.0049483511968503
chin_mandible,translated_033,26,3,4,20,80,0.425,0.7270718837116686,0.016649148567381
chin_mandible,translated_034,8,9,4,20,80,0.0,0.8806680605336519,0.0028529641883691
chin_mandible,translated_035,28,1,4,20,80,0.75,0.8265232974910394,0.0072515390473079
chin_mandible,translated_036,23,2,4,20,80,0.0,0.8535812425328554,0.0058835435990657
chin_mandible,translated_037,4,11,4,20,80,0.0,0.8627220230983673,0.0011952072475671
chin_mandible,translated_038,16,9,4,20,80,0.0,0.8606730386300279,0.0135417724936921
chin_mandible,translated_039,3,11,4,20,80,0.0,0.8690979689366788,0.0051272970753542
chin_mandible,translated_040,6,0,4,20,80,0.0,0.8760991636798089,0.0011259344769782
chin_mandible,translated_041,26,11,4,20,80,0.375,0.7492712066905615,0.0280984387106983
chin_mandible,translated_042,25,8,4,20,80,0.225,0.7369872560732776,0.0209857407366292
chin_mandible,translated_043,18,7,4,20,80,0.0,0.867784747112704,0.0096111034501182
chin_mandible,translated_044,0,12,4,20,80,0.0,0.8812076861808045,0.0065714567163771
chin_mandible,translated_045,15,7,4,20,80,0.0,0.8418389088012743,0.0053219255186481
chin_mandible,translated_046,21,3,4,20,80,0.0,0.8362982875348465,0.00591158123134
chin_mandible,translated_047,22,5,4,20,80,0.0,0.8268428912783752,0.0062631616817786
chin_mandible,translated_048,12,4,4,20,80,0.0,0.8477489048187973,0.0063622626121259
chin_mandible,translated_049,5,4,4,20,80,0.0,0.8488381123058542,0.0084064045621835
chin_mandible,translated_050,12,3,4,20,80,0.0,0.844889486260454,0.003400126703469
chin_mandible,translated_051,0,0,4,20,80,0.0,0.8951383910792513,0.0092279949363423
chin_mandible,translated_052,17,9,4,20,80,0.0,0.8657138590203107,0.009047384638585
chin_mandible,translated_053,26,10,4,20,80,0.4,0.7417512943050578,0.0232479839866112
chin_mandible,translated_054,18,10,4,20,80,0.0,0.8571356033452808,0.0134170860363889
chin_mandible,translated_055,9,8,4,20,80,0.0,0.8774930306650736,0.0044039760971882
chin_mandible,translated_056,25,1,4,20,80,0.1875,0.8093329350856232,0.013833613988754
chin_mandible,translated_057,28,8,4,20,80,0.9,0.7642871365989645,0.0113263749188648
chin_mandible,translated_058,13,10,4,20,80,0.0,0.7670599362803664,0.0246948051760228
chin_mandible,translated_059,16,3,4,20,80,0.0,0.879500199123855,0.0031514115023242
chin_mandible,translated_060,3,4,4,20,80,0.0,0.8420927917164476,0.0048043813158869
chin_mandible,translated_061,21,9,4,20,80,0.0,0.8189755077658303,0.0056830392138302
chin_mandible,translated_062,22,6,4,20,80,0.0,0.8334020310633216,0.0086920811256097
chin_mandible,translated_063,13,11,4,20,80,0.0,0.7697869374751095,0.0266290421702557
chin_mandible,translated_064,1,9,4,20,80,0.0,0.889772998805257,0.0080959975600447
